cycle_id,user_input,initial_force,force_decay_rate,friction,initial_velocity,time_to_near_zero,question_generated,user_response,new_force,trajectory_direction
1,User response: Let's dive deeper into the mathematics of quantum mechanics.,15.0,0.5,0.5,0.08289249160603744,14.799999999999963,Should we explore quantum entanglement or quantum superposition next?,Let's dive deeper into the mathematics of quantum mechanics.,15.0,"[0.9805806756909202, 0.19611613513818404]"
2,User response: Sure.,3.0,0.5,0.5,0.08362399958017758,15.700000000000202,Would you like to see a practical example like quantum computing?,Sure.,3.0,"[0.9805806756909202, 0.19611613513818404]"
3,"User response: Yes, let's continue discussing quantum mechanics.",10.0,0.5,0.5,0.08351418005711796,12.00000000000017,Would you like to start with wave-particle duality or the Schrödinger equation?,"Yes, let's continue discussing quantum mechanics.",10.0,"[0.9805806756909202, 0.19611613513818404]"
4,User response: Let's dive deeper into the mathematics of quantum mechanics.,15.0,0.5,0.5,0.08293253929041652,14.80000000000021,Should we explore quantum entanglement or quantum superposition next?,Let's dive deeper into the mathematics of quantum mechanics.,15.0,"[0.9805806756909202, 0.19611613513818404]"
5,User response: Sure.,3.0,0.5,0.5,0.08362401168357618,15.699999999999555,Would you like to see a practical example like quantum computing?,Sure.,3.0,"[0.9805806756909202, 0.19611613513818404]"
6,"User response: Yes, let's continue discussing quantum mechanics.",10.0,0.5,0.5,0.08351418008154027,11.999999999999318,Would you like to start with wave-particle duality or the Schrödinger equation?,"Yes, let's continue discussing quantum mechanics.",10.0,"[0.9805806756909202, 0.19611613513818404]"
7,User response: Let's dive deeper into the mathematics of quantum mechanics.,15.0,0.5,0.5,0.08293253929045083,14.799999999999159,Should we explore quantum entanglement or quantum superposition next?,Let's dive deeper into the mathematics of quantum mechanics.,15.0,"[0.9805806756909202, 0.19611613513818404]"
8,User response: Sure.,3.0,0.5,0.5,0.08362401168359138,15.699999999999108,Would you like to see a practical example like quantum computing?,Sure.,3.0,"[0.9805806756909202, 0.19611613513818404]"
9,"User response: Yes, let's continue discussing quantum mechanics.",10.0,0.5,0.5,0.0835141800815403,11.999999999999332,Would you like to start with wave-particle duality or the Schrödinger equation?,"Yes, let's continue discussing quantum mechanics.",10.0,"[0.9805806756909202, 0.19611613513818404]"
10,User response: Let's dive deeper into the mathematics of quantum mechanics.,15.0,0.5,0.5,0.08293253929045083,14.799999999999159,Should we explore quantum entanglement or quantum superposition next?,Let's dive deeper into the mathematics of quantum mechanics.,15.0,"[0.9805806756909202, 0.19611613513818404]"
